lid,rid
403101,443604
64846,860539
172465,1013447
609334,1210449
64790,634606
164122,737304
532152,806628
310150,350060
615745,940949
214249,1138185
473826,643202
764143,913551
370991,1003394
228540,641047
474248,503510
1022702,1119211
763069,952626
281813,659081
591381,615745
249495,1106068
336140,657984
197645,297216
586081,762330
154217,337548
128735,1172518
697870,1153215
49235,151827
376504,1001298
781766,1077555
302931,724592
457176,1056147
49235,906496
466923,892699
49983,474248
158654,902740
880265,1026192
350528,955197
188132,784606
63417,325171
398934,878347
685492,991357
524,1010517
102089,284933
947172,1016351
153055,695546
256056,336140
116937,1173287
762330,931655
31449,769158
300421,688583
111675,1131810
199230,300967
836413,1042554
413184,945616
641126,1067048
702173,1099381
63135,312805
476935,1136369
68296,1036926
84492,282566
982057,991052
895242,1064412
560383,906496
74481,1146042
661711,1141864
711415,1045416
151704,1106153
1033086,1064412
310150,418195
955197,984303
364606,971513
610537,1130826
701771,1050553
382431,569825
1123797,1195986
284933,1050636
110355,856645
295618,693296
153920,1015046
50663,61849
150791,239428
36659,1101861
405512,1176622
919604,919642
164122,537793
955539,1133781
714780,1131008
29005,499657
502115,855785
78301,296919
68296,1050553
61849,698552
19571,838529
116937,861210
701796,756693
467265,1064412
146938,282566
550263,759535
206476,1120760
19706,880309
180628,860031
270354,835116
151827,574266
586081,931655
312805,569381
214249,1036926
653815,1106068
568667,982836
475864,959788
1012545,1176892
1071486,1200526
179870,288826
40253,858374
618141,831517
206476,242741
54473,1042554
287984,412257
474444,809314
778978,932308
281813,915812
458492,594216
149609,1173791
242741,1136513
1026192,1106842
545887,559932
330488,1017233
281809,361657
303238,521109
72067,901351
286055,689358
519141,991583
211912,1185370
9091,386383
543647,966235
120380,544528
155048,989839
219123,853844
128859,312805
426139,509315
99025,792263
906496,973102
515093,831517
155074,918821
519141,781766
551867,659081
543658,581729
4216,18214
410735,1064412
9213,347126
672324,1060500
259785,1058184
161758,425879
369253,781486
148631,689358
242741,1071486
166742,1181858
139024,405512
96086,322825
151704,243953
1120760,1195485
796517,1166277
481647,1111763
529281,1106153
711415,865189
47884,594216
128859,1126736
615745,1120760
155168,567826
1478,557660
231714,866050
164255,962196
30549,476435
968858,1195986
425879,1188969
739278,988475
99025,290170
348612,1133381
963160,1154436
470729,561426
149609,459931
723126,1182984
67134,1139427
856645,1206040
531740,1077593
560842,1003037
521874,676431
591381,1136513
169836,197645
991052,994513
347126,1050553
49235,64846
279844,653981
99025,1124481
220948,1117350
21192,219123
161758,193817
609334,1174557
485028,712575
207630,354468
408502,913052
658025,1103661
479820,650658
1478,919972
1042554,1121690
303333,737304
861210,1173287
88606,691063
418013,503510
796994,1090221
591381,1071486
239428,483825
380675,1188969
394097,794059
49177,1150933
318752,852267
148648,281490
918420,962196
574266,906496
459254,687784
99025,641047
335923,529661
474248,852031
21192,350528
106852,1113657
468076,611017
256056,1059756
117265,1169011
644180,737955
9091,1010517
966235,1167210
411167,797640
752497,1090221
643202,820274
155048,533106
188132,1098976
807373,1204844
155976,844575
65676,128735
128735,1073850
305889,1070571
634606,704160
54473,476435
86542,1027875
521077,1208709
69296,569825
372805,564072
119328,1045416
172545,193817
916774,1130824
551867,915812
545887,1026192
364167,896355
1071486,1136513
714849,776624
49695,780644
120380,778978
102089,354468
689358,1082548
153096,701771
13020,631205
4943,1172518
295547,534812
111904,886603
189336,473033
891716,1011105
193817,298875
18852,935955
265361,1147790
80932,344552
317453,1139427
594216,850024
207630,1172518
225224,567826
303333,537793
614766,870495
96629,386876
234753,923173
224432,772166
220948,458492
1154436,1210725
169045,885085
919604,919972
413249,959788
49983,53560
581486,878347
312805,315859
30549,1131772
757704,1115910
20960,836720
444241,652202
561426,571435
550140,795932
955539,1153215
38480,229418
147746,155168
474248,742514
243953,398934
3983,233860
177332,1042264
626933,648794
62204,763705
297216,453815
363047,1117350
425879,884057
177477,1113657
431445,596035
412257,1180088
25988,69296
69596,1090221
282566,598728
299703,1121690
99025,265412
324575,820898
911606,1210449
178503,863965
65676,224870
197645,623181
180628,957710
228540,780644
50663,994513
839,948060
245660,269899
312805,638687
287984,1180088
52035,878347
93475,772060
122433,1003394
1069116,1166277
25988,569825
93475,973102
631205,906496
744732,796517
64846,574266
248488,407300
450050,991357
521003,973333
497272,703699
615745,1200526
611017,1185370
455203,1206499
344552,692722
756693,1150933
118448,456797
3983,349989
889669,1004259
510622,1195986
1077555,1206040
18043,953298
102089,1172518
50739,1160846
973208,977639
284475,468106
60252,968858
767133,1017233
672324,809314
532152,557660
85292,957710
380675,884057
197332,791804
341597,760342
504914,796517
751312,1130824
751312,1013131
300125,811557
775135,775493
772060,860539
757704,974408
416758,1011105
53560,885085
860031,984303
317103,1081884
178360,1107192
290170,1191001
642539,1134202
158213,1139427
341280,904867
168378,172545
603533,1110120
643823,1073537
113066,943488
844030,1047596
68345,474248
551867,1106842
16240,1185370
555754,723126
885857,1198374
577588,864807
687784,963160
582595,902238
117265,963483
323761,1000736
110355,991583
151704,878347
354468,762330
1122472,1146042
106852,760342
685058,707753
70469,312805
424911,996739
547526,959248
110355,781766
714780,784606
1113657,1146042
483825,901351
363047,458492
418013,852031
446415,1069116
413184,1022702
425879,830684
453815,772166
693296,763705
680302,1052740
647958,1154436
47884,224905
238742,1105342
235634,1078409
637302,1001898
49983,68345
503510,852031
749745,949231
161758,1188969
70469,1126736
109559,581729
206476,1136513
413184,786727
571388,672110
791804,920752
361657,1160846
760342,1146042
190900,581962
348612,570612
74481,1113657
302426,1166074
220928,796994
250251,310150
437288,451008
783610,795041
291267,737048
569825,902767
641047,780644
65978,865031
233860,349989
111675,467265
689358,1099381
111675,1033086
166742,352827
180628,955197
570612,694147
498239,703663
111675,895242
155168,265361
780644,1191001
187319,935955
206476,1071486
50663,982057
712019,1059756
286055,675835
122433,297216
427531,1149846
380675,830684
443150,452479
22945,351776
452275,1042554
47283,331805
72067,225224
180628,725494
881716,1120385
1134963,1182984
18852,341597
148631,675835
69916,568443
49983,246589
42281,515093
404230,1159726
85292,955197
75211,997629
279844,758030
726544,873090
172545,1188969
405060,807828
150791,977639
615745,1136513
287984,551867
381172,866400
4943,1073850
127779,761128
63417,611017
555754,1134963
177477,760342
837395,1129109
304759,1157566
567826,956143
692775,1195986
547526,993124
751312,1017299
153055,453707
737304,1059756
418013,742514
224432,229077
616379,1147910
815557,910354
499657,1160846
336140,634606
207630,1073850
255074,516210
889067,1198374
311651,751312
18852,74481
330488,1058748
896355,1149846
451843,1040659
292675,674445
5476,697870
188027,277472
94708,444582
84154,130268
529661,1129109
68296,707753
231714,391688
281809,767133
358838,993124
137021,364606
406193,919604
666249,750524
675645,1073591
191681,685492
181972,602189
63135,1131983
726544,732105
128735,1050636
611017,947798
69642,287919
895242,1131810
1126736,1131983
533106,714780
335208,847049
264360,1147910
199230,1084803
367442,393540
969041,988545
712019,737304
817037,1146090
123652,940949
220948,595403
651513,1147910
245660,880265
253594,405512
214249,707753
692775,1123797
418013,851180
852029,1213127
49177,563488
1011370,1195678
729366,1164934
846766,1087353
467265,1131810
1153215,1205365
297190,1133068
300975,738050
180628,365809
161758,168378
767799,893889
18214,340104
242741,1106068
225224,265361
387980,1056318
365356,1129109
412257,1026192
161758,884057
339600,507806
315859,1126736
16240,947798
102089,1073850
311651,639724
432880,1159273
30549,227974
514924,554172
181972,459254
120380,345880
128735,773433
204323,1110120
287984,1026192
506623,691105
97426,929992
402742,688014
301411,737304
88396,410735
452275,476435
469514,863965
843892,1112386
643202,653981
153055,425589
49235,772060
181972,647958
659081,915812
403966,915302
689358,966235
447883,770960
700151,863965
49235,973102
128859,1131983
638687,752497
67134,317453
894755,1106422
544528,692775
197379,853844
310150,672324
74481,760342
763705,1191001
69596,128859
410735,1131810
853266,1176981
155168,1147790
714780,1098976
955633,1157227
186440,474248
388855,691105
468076,1185370
239428,901351
281809,499657
377762,654565
220948,978481
737955,803882
190900,1146042
47803,859285
245448,960558
291903,1197115
40253,164255
259369,1105718
591381,1106068
230489,685492
301411,303333
101492,1148146
227974,1121690
172545,884057
1099381,1167210
48662,164475
707439,945036
602189,647958
298875,1139427
81970,102864
370486,675835
231714,573593
427531,726544
56283,286016
840666,989446
560383,772060
418962,932072
1017233,1160846
187319,341597
416758,806097
62204,228540
444241,695546
84825,1144172
177180,959788
366555,845032
9213,68296
63135,752497
623978,1209471
25174,638687
603533,708271
727261,856645
479820,522756
54473,227974
94732,108091
639724,916774
473826,863965
151827,906496
447371,839967
527898,782367
461105,1017758
806097,891716
197332,910262
93132,440338
350060,672324
256056,704160
49695,693296
885651,1075793
435964,789352
361839,497272
161758,830684
858374,1080096
758344,851410
258892,486357
363047,595403
382431,947523
693722,842630
121921,152356
50739,361657
1123797,1202669
773241,825973
550979,936053
156708,497272
265412,290170
692775,873151
191681,450050
152537,253594
612868,866400
1133381,1158384
953700,1001298
78301,1158931
1071486,1106068
742514,885085
1120760,1136513
6268,485001
123652,1120760
916960,1000797
570612,581047
653981,1052740
16240,611017
42281,618141
54473,299703
354468,586081
586081,773433
304974,1209462
577588,1048089
265412,1124481
231714,1134673
21192,957710
1089100,1184167
191035,384497
695668,709446
98921,234753
956143,1147790
543658,869083
468106,836001
140306,972290
659081,1106842
772166,847798
570065,936689
228540,693296
60252,932308
180045,1094847
815557,1138185
63135,569381
225224,1147790
172545,830684
886603,889067
581047,694147
115528,421594
262815,694147
6363,167972
297758,871400
464916,521003
831835,927807
51521,647192
547526,944678
65676,207630
363047,978481
54473,452275
812460,1210725
269105,443604
148631,1082548
275551,810364
70696,332779
313161,1072822
122433,623181
150791,155168
69296,166742
581962,1146042
358838,944678
50663,698552
381172,612868
56583,485066
250251,809314
470729,532152
13020,151827
269899,545887
231001,613697
386383,1058184
995884,1205365
13020,906496
391371,886603
494609,524809
4943,1050636
491009,608987
1016351,1069564
569381,796994
459931,1060500
382431,958624
118014,132315
693722,1174681
1002170,1195379
413249,559882
738050,866237
177477,935955
574266,772060
40426,1042554
207630,1050636
760342,1113657
364031,1064650
425774,1060500
231714,852029
295618,792263
224905,594216
1117350,1182984
858374,918420
245660,545887
364167,1149846
953700,1121690
230489,450050
623181,847798
29005,50739
771912,1152751
468076,947798
459832,516406
32241,613697
17570,52113
128859,569381
677787,1180312
237804,1012522
151704,693722
59484,759412
286016,358838
567826,973208
62204,295618
455041,659081
120380,792738
186707,1082542
910354,1050553
403966,585269
158213,161758
22993,715180
547526,1036612
707507,959788
706713,1010517
4943,773433
815557,1036926
767799,1069116
88396,635762
72067,567826
166742,798376
65676,762330
153055,444241
54773,177477
712179,1110120
374403,446415
49177,701796
21192,955197
625605,673299
605288,839812
236806,1091112
300333,350060
618141,754324
510622,544528
295618,1124481
110645,122580
54773,106852
69296,947523
641047,693296
358838,1036612
204323,708271
25988,166742
386383,1010517
54473,836413
146938,1144172
804777,1044503
301411,712019
543647,1167210
21192,725494
224870,762330
63135,220928
123652,615745
102089,1050636
509917,636246
701771,894755
1045416,1052055
515093,754324
197379,984303
5476,995884
70469,1131983
206476,1106068
211912,962196
295618,641047
149609,310150
348612,786844
204323,778873
63417,1185370
466648,730155
21192,85292
153055,550427
297216,772166
220948,1182984
181972,812460
428967,559882
75804,403966
4300,453707
1044065,1212230
64846,151827
340104,766615
123652,1200526
265361,977639
643202,758030
64846,906496
751312,1174557
932072,1013172
285949,464826
405512,443604
655666,871488
1136513,1200526
446415,767799
153096,1106422
687784,812460
18214,1119831
231714,1213127
529281,693722
82987,708271
243953,529281
795041,979690
74481,935955
300333,418195
581729,1117550
310697,382042
31931,1131810
631205,772060
64790,301411
468106,1047869
40426,476435
374403,1069116
644180,1010517
631205,973102
148631,543647
693722,1106153
595403,723126
65676,931655
84492,388855
370486,1082548
63135,315859
910354,1106422
895242,1033086
123652,206476
856645,1077555
446921,1203576
376504,1131772
675835,1082548
455041,915812
615745,1106068
37082,1065269
264867,990321
182698,294988
429391,676567
573585,844855
702173,1167210
783610,923098
13020,64846
148631,1099381
416758,891716
124752,535880
128859,220928
32241,601915
459254,602189
231407,233860
550427,652202
594216,723126
668048,1117550
858374,1146755
69296,958624
84825,146938
406193,806628
387980,994513
29775,861401
966235,1115910
40253,325171
224870,931655
572376,1206040
1137173,1151387
146938,388855
335244,760743
577588,1081150
9213,815557
780644,792263
467265,895242
680302,1003037
995884,1133781
685058,701771
21192,365809
259785,803882
262594,836001
25702,1057575
490323,775265
972308,1161659
6221,927847
510622,778978
12107,527214
836413,1001298
347126,894755
152537,269105
366714,733057
69296,1069564
99025,763705
80568,1076125
663154,1004797
286055,757704
499028,1205038
449980,557293
25174,63135
466926,974551
177477,341597
364167,726544
727261,781766
32241,403101
279844,643202
191681,230489
190900,1113657
231407,349989
843707,945616
84825,1173287
172345,522146
459931,809314
284933,354468
379532,536127
304759,955633
581047,1033376
558431,873803
413184,1151387
148631,757704
865766,959248
806097,1015893
476435,1131772
262815,581047
266803,650021
128859,315859
836001,1047869
54473,953700
269899,915812
109559,869083
410735,1033086
577588,1185121
425774,809314
901351,1147790
470729,919604
169836,453815
410735,895242
932308,1195986
806628,1033730
227974,299703
885857,889067
363047,1182984
459254,647958
406193,470729
286055,974408
153096,214249
110355,519141
602183,635271
535708,917546
75068,1075019
315859,1131983
595403,1134963
42281,831517
250251,425774
853844,984303
966235,974408
724654,1103363
962145,1050549
865189,1045416
551127,1184762
161701,309659
415812,997247
265361,956143
868425,1049149
650741,1090948
128859,638687
123652,1136513
106622,479031
134735,982434
609736,613177
653815,1200526
54473,1001298
110020,1140527
148631,286055
647215,917223
5738,409484
49695,228540
398934,561586
111904,1198374
783610,979690
61849,206027
543658,1164725
594216,1134963
1014340,1149576
653854,713552
560842,680302
465666,887210
42281,416758
179139,387006
447640,901003
50739,1124966
685492,915302
557660,860878
39294,71087
661711,886603
230437,755984
1050553,1138185
537793,1059756
49177,756693
171489,188132
616379,996994
262815,348612
111266,881310
30549,1121690
25988,1069564
54773,581962
737955,1202955
529281,581486
63417,947798
836413,1121690
68296,701771
186440,246589
489468,744732
219138,834826
219138,587066
50739,767133
139053,1062551
387980,982057
374076,1169011
231001,405512
560383,631205
195904,584986
611017,962196
370486,543647
522756,1111763
303333,657984
469514,1052740
524,259785
286016,993124
515093,891716
296919,1176981
869083,1164725
5476,955539
152537,601915
137021,971513
264360,996994
531664,836388
354468,773433
310150,1173791
700151,1052740
284933,931655
139024,253594
74481,341597
692775,1202669
873151,1195986
803882,1010517
370486,1099381
902767,1069564
340104,1119831
563488,1150933
93475,560383
1058449,1122472
199230,966955
450360,1070083
618482,918818
119327,743245
675835,1099381
651513,996994
49983,885085
382431,947172
4943,128735
958624,1016351
206027,387980
909904,942020
72067,265361
18852,190900
574506,1082932
361657,1124966
229077,453815
446415,1166277
16240,962196
149781,577922
793834,1190533
581962,1113657
712179,778873
530580,668048
639901,747973
1115910,1167210
888056,910262
227974,1042554
821522,1114502
116937,598728
758030,863965
557660,1033730
703285,851339
152537,403101
80932,1147910
548848,684821
65676,586081
116509,158969
779444,834934
178503,700151
937667,1127748
361657,767133
310150,459931
350060,1173791
560842,1052740
366357,995884
310697,1111763
269899,559932
161758,172545
111904,661711
300829,415736
704160,1059756
190900,760342
297657,1194306
873151,1123797
281813,880265
347126,701771
169045,246589
84492,1173287
413184,843707
916774,1060112
139434,310718
40253,468076
675835,757704
1119211,1151387
9213,1138185
1195485,1200526
224870,586081
995884,1153215
50739,499657
577478,621916
1013131,1130824
847798,894229
823035,1041400
325973,888056
370991,453815
458492,1134963
1160343,1198814
891716,1015893
158341,832284
1478,860878
245660,559932
1058748,1160846
464916,524035
518699,872606
152537,1176622
52403,444582
53560,68345
499657,1124966
416758,618141
981728,1115157
372165,1065772
835116,997247
146938,1173287
1130824,1210449
50396,414814
559932,1180088
981811,1084832
102089,128735
220948,555754
680302,820274
85612,163318
281809,812122
149609,809314
156708,199230
85292,197379
84492,861210
153457,161897
571435,919604
94708,457491
49177,896202
207630,224870
67134,425879
899548,920752
499657,767133
253941,433126
4216,340104
120380,1123797
993197,1193014
128735,284933
574266,631205
243953,842630
155168,977639
40253,63417
285949,486357
299703,376504
398934,1106153
1124966,1160846
725494,860031
1054261,1105342
16240,40253
151827,772060
963160,1210725
249495,653815
69296,1181858
63417,211912
555754,850024
146938,861210
911606,916774
347602,1050700
572376,991583
752497,796994
374076,963483
693722,878347
499657,918424
1036926,1106422
164122,336140
361657,499657
35361,795624
181972,1210725
653981,1003037
526739,629334
325171,468076
238972,896355
806628,919642
67134,193817
52403,313481
54773,1146042
694147,1158384
772060,906496
350528,853844
1005562,1085988
415007,423901
760342,935955
224432,847798
230477,427034
734658,741831
9213,1036926
679765,931624
330488,1160846
388855,1144172
416758,1015893
290170,780644
9091,259785
455,956771
322804,994633
155048,714780
72067,1147790
49983,418013
69296,947172
569381,1090221
170925,898213
598728,691105
102089,224870
880265,1180088
332229,413730
169719,856645
469315,997247
602189,1210725
786844,1033376
679152,841408
550427,695546
187319,190900
262594,990766
701771,910354
70469,638687
88396,1064412
551867,880265
555754,595403
49177,733057
605311,1072391
6909,515093
406193,557660
670112,805714
88396,111675
31931,895242
168378,380675
581962,760342
1013131,1017299
626333,672083
778978,1195986
487752,1103148
304308,1137173
245660,1026192
1124481,1191001
99025,228540
691105,767650
63417,918420
767799,783340
282566,691105
109559,1164725
530065,713339
639454,1037595
40426,227974
689358,1167210
69596,70469
25988,1181858
169836,224432
243953,1174681
581729,869083
52035,561586
363047,555754
1030776,1090924
831517,1011105
29756,1186992
739301,751199
286016,944678
296919,661339
947172,1069564
1478,406193
49235,93475
171489,989839
484123,487925
49177,366714
13020,772060
756693,896202
19706,287673
944678,959248
1099381,1115910
265361,973208
345880,932308
843707,1022702
727549,881621
13020,973102
468076,962196
572376,727261
519141,1206040
25174,69596
711415,1052055
5476,1133246
139024,613697
910262,920752
155168,956143
120380,873151
708271,712179
902767,1181858
721081,1063832
72067,147746
164122,256056
329119,462406
778978,1123797
68296,685058
25988,947172
49235,560383
470729,1033730
197645,224432
78456,664567
557660,919642
860878,919604
219123,350528
49695,792263
366357,955539
1130824,1174557
444241,683357
344552,616379
387980,698552
895085,1130451
962196,1080096
374403,767799
453815,847798
262011,345996
374403,783340
812460,963160
42281,1011105
91124,724843
110355,169719
40253,611017
151704,561586
561426,919604
259785,1202955
737125,799551
150791,483825
347126,910354
187319,1058449
366714,1150933
56283,358838
281813,545887
313481,444582
67134,158213
469514,700151
49695,290170
347263,1182377
214249,685058
270354,997247
40426,452275
537793,712019
286016,1036612
23982,453707
70401,336488
515093,1015893
164122,1059756
177180,428967
670179,889084
49695,1124481
732105,873090
308901,960069
30549,299703
186440,851180
304759,1157227
504914,744732
575436,729145
300333,672324
128735,354468
303333,336140
764143,887210
315859,638687
725494,957710
271454,554433
569825,947523
115085,603533
381559,972386
487925,819627
997247,1081150
886603,1141864
158213,193817
806628,919972
269105,1176622
3983,231407
190900,935955
238907,271923
690031,949118
149609,425774
49695,641047
1195986,1202669
532152,1033730
199230,361839
64846,772060
63417,1146755
301411,657984
193817,317453
4943,284933
288482,936531
524,1058184
169045,742514
228540,290170
388855,506623
123652,1106068
610914,917273
60252,692775
68345,885085
647958,1210725
452275,1121690
473826,700151
581486,1106153
99025,295618
199230,703699
225224,956143
287673,995884
594216,1117350
82351,668048
489468,893889
198916,1161988
600600,620058
67134,1188969
228540,1124481
537793,704160
305889,1067290
798376,1016351
139024,601915
792263,1124481
242741,1200526
653981,820274
272720,755686
227670,238092
265412,763705
416758,831517
26628,743833
997247,1185121
763705,780644
402203,1028606
778978,873151
1478,919642
767133,1160846
293390,955387
211157,1060373
947060,1139290
545887,1180088
413249,475864
52035,1106153
639724,911606
707753,1050553
350528,984303
573902,723192
82987,603533
625617,846307
314110,929588
786608,797527
536567,1113752
510622,792738
704160,712019
69296,352827
6909,618141
169045,851180
1048349,1148176
285172,854244
792738,1195986
119328,1052055
82351,109559
82351,1117550
139024,403101
413184,1119211
767799,1166277
974153,1150190
864807,997247
391371,1198374
233250,279477
647958,687784
569825,958624
638687,1126736
299703,836413
464531,1116249
591381,1200526
53560,742514
443604,613697
30549,1042554
873090,1149846
49695,265412
661339,853266
701796,912267
164122,303333
641047,792263
550979,959788
88396,356071
180162,343696
153055,208644
177180,413249
425589,652202
97174,564779
725494,955197
413249,707507
471981,853356
660708,715030
543647,1115910
169836,772166
851180,885085
547526,1194697
30549,40426
306944,953016
571435,1033730
50663,991052
557660,919972
444582,457491
154149,283978
153096,894755
392031,964143
378820,1167499
56283,959248
685058,1106422
317453,1188969
61849,737048
508938,1009984
792738,1123797
262815,570612
63135,1126736
52035,243953
358838,1194697
581962,935955
947172,1181858
784997,1066929
4300,652202
239428,265361
169719,991583
757704,1082548
641047,1124481
249495,804127
53560,851180
310697,481647
1067290,1070571
69596,752497
31483,231407
428967,475864
63417,962196
169719,781766
25988,352827
54773,1113657
1106068,1195485
374403,1166277
110355,1206040
303333,1059756
469514,1003037
3983,974909
228540,265412
786844,1133381
177477,190900
1146755,1185370
32994,829803
708221,986179
758030,1052740
295618,763705
25174,796994
279844,863965
697870,995884
67134,380675
67134,168378
59921,1210698
607966,795727
345880,778978
571435,806628
700151,1003037
659081,880265
201790,231065
67134,884057
474444,672324
526666,910717
358838,547526
188132,989839
214249,1050553
350060,418195
185615,747029
915812,1180088
220928,312805
219123,860031
366357,1133246
798376,902767
962196,1146755
197332,899548
18043,542698
9091,1058184
391371,661711
544528,778978
111904,889067
586081,1172518
1017192,1107470
459254,1210725
363423,464916
151827,631205
561586,842630
692775,792738
304308,786727
119328,711415
164255,325171
428967,707507
545887,551867
42281,806097
56283,993124
290170,693296
311651,916774
166742,1016351
155168,973208
577588,835116
256056,634606
147746,225224
533436,810269
4943,354468
443604,601915
742194,757226
701771,1106422
422113,848966
158213,1188969
115085,712179
229077,772166
473826,1003037
80932,996994
405890,985766
299703,953700
69596,569381
572376,1077555
421049,454372
573593,1134673
1013131,1174557
124961,151034
68296,1106422
403966,685492
532152,919642
186440,885085
102089,207630
873151,1202669
325171,858374
84492,84825
287673,955539
85292,853844
9213,707753
233860,974909
831228,901575
50663,206027
172545,425879
348612,1158384
894755,910354
702173,966235
783884,1104174
492769,1123533
563488,701796
288826,391688
352827,798376
791804,899548
299703,1001298
391688,573593
792738,873151
252136,1145565
570472,645952
1011935,1079303
43011,958702
968858,1123797
67134,830684
317453,884057
42281,754324
50663,291267
238972,364167
16006,553014
370991,772166
188132,533106
74481,190900
601915,613697
224905,723126
366714,563488
570612,786844
241314,856053
446415,796517
345910,1171366
412257,659081
47884,458492
901351,956143
578010,1141893
121330,626669
498661,966772
244060,385084
117265,374076
519141,727261
476435,1121690
5476,19706
227974,452275
347475,1139173
378496,1119533
287984,659081
50739,812122
253594,613697
916774,1013131
120380,1202669
561586,1174681
595403,850024
561426,1033730
206476,615745
995884,1133246
703699,1084803
469315,864807
687784,1154436
62927,643950
884057,1139427
220948,594216
470729,557660
947523,958624
31483,974909
206027,1056318
649784,1107100
406872,1020871
1073850,1172518
757704,1099381
116758,287032
281813,559932
238972,1149846
164122,712019
54773,760342
616379,692722
206476,1200526
569825,1016351
382042,1111763
311540,866050
347126,1106422
406193,532152
464916,973333
147418,787419
800599,1034170
40426,1121690
93562,152324
973797,1024919
415812,469315
265361,483825
225224,973208
64790,537793
391688,1134673
772166,894229
52403,94708
207630,931655
150791,901351
312805,1090221
858110,1167555
122433,224432
68296,214249
111904,885857
470729,919972
661711,1198374
744732,893889
459931,474444
301411,336140
561426,806628
415812,1048089
264360,692722
120380,510622
154352,440689
425774,474444
6909,831517
158213,884057
267014,404016
166742,902767
1106068,1120760
889067,1141864
991583,1206040
119328,865189
529606,559882
247046,1114663
224905,1134963
179497,1057005
594216,595403
197379,350528
504914,893889
651513,692722
84825,116937
300967,1084803
288826,573593
5476,880309
119215,1000797
487925,1045416
54119,1140824
680302,758030
683740,1146090
697870,955539
297216,847798
356071,410735
298847,563424
291782,845726
164122,704160
227974,836413
278631,537236
6909,416758
567826,977639
219123,957710
177180,475864
469514,820274
1001298,1131772
186440,418013
858374,1185370
600922,782206
299896,1053258
309380,800000
403966,450050
1058748,1124966
623181,894229
139267,865513
586081,1073850
783340,1166277
102089,931655
349989,974909
700151,820274
569825,947172
594216,1074505
69596,315859
391688,852029
143148,578621
52403,457491
164255,468076
18852,187319
916774,1017299
181972,963160
178503,469514
457322,1129940
64846,631205
253594,601915
29780,925507
649003,671121
831517,891716
533106,962717
923098,979690
208008,257059
468652,866267
915812,1026192
363047,594216
16074,130320
532152,919972
273052,612590
59408,813059
75804,685492
778978,1202669
443667,885838
220948,363047
60252,1195986
955539,995884
425589,695546
594216,978481
149609,250251
281813,1026192
551867,559932
425782,684420
458492,850024
510622,1123797
300333,1173791
288826,1134673
880309,1205365
804127,1195485
56283,944678
843707,1151387
465352,624773
313523,866237
585269,685492
786727,1137173
99707,501038
448047,634507
602189,963160
80932,264360
253594,403101
56283,439660
560842,820274
698552,1056318
563488,756693
742514,851180
137432,435442
756495,1088780
301411,634606
298875,1188969
4300,695546
1147640,1196184
705705,770193
198831,923344
31326,1156578
459383,1026283
1060112,1130824
957710,984303
47884,850024
286055,702173
330488,1124966
42281,891716
229077,370991
398934,693722
939933,1127641
169045,418013
773117,796439
455041,880265
85292,984303
577242,738124
166386,427160
256056,537793
119087,1062609
40253,947798
238972,726544
300333,459931
31779,840570
287673,1133246
370486,1167210
782776,925146
847798,1003394
148631,702173
249495,591381
380675,1139427
64898,147565
489468,504914
330488,767133
116894,133227
412257,551867
303333,712019
1133246,1205365
353845,585768
391688,1213127
638687,1131983
219123,955197
412257,1106842
337548,871488
311651,1130824
804127,940949
152537,443604
170925,310139
29005,330488
301411,1059756
287984,1106842
49983,503510
739455,1018221
530420,870471
1113549,1167733
151827,560383
265412,295618
15719,939807
178503,473826
1090221,1126736
56283,1036612
227974,953700
806243,979376
1098976,1131008
330488,918424
153096,910354
219123,725494
714780,989839
231001,253594
31931,111675
692775,968858
403966,1196320
282798,422791
110355,727261
1106068,1200526
537793,657984
571435,919972
366714,701796
323058,368509
84492,116937
550427,683357
72067,956143
889223,1077172
153096,815557
947523,1016351
581047,786844
918424,1017233
689358,1115910
643202,863965
220948,224905
262815,786844
252994,986752
54473,376504
269899,880265
896202,912267
354468,1172518
71381,151167
403101,613697
227974,1001298
147746,567826
321231,774312
551867,1026192
53560,418013
767650,1144172
291267,387980
1033086,1131810
533106,1131008
62204,1191001
32241,253594
550979,559882
325171,947798
858374,947798
303751,602027
8783,190939
303333,704160
659115,959248
370476,392708
104425,795856
510622,873151
250251,1060500
224432,623181
193817,425879
1120760,1200526
224432,370991
84825,598728
529606,550979
231714,288826
547526,865766
161758,380675
259785,644180
945616,1137173
1069564,1181858
439660,959248
95206,691176
54773,935955
726158,968427
469315,1048089
1013131,1060112
974408,1082548
13020,93475
345880,692775
784606,962717
708271,778873
19706,1153215
1134673,1213127
358838,865766
174606,403761
298875,884057
220948,1074505
916774,1210449
519141,1077555
563488,896202
24946,494651
134966,741325
356071,635762
18852,177477
308269,1011899
148972,923102
476365,751142
40253,1080096
313481,457491
249495,1195485
754324,1011105
504914,1069116
653981,680302
880309,1133781
220928,1131983
219123,365809
475864,559882
559882,707507
310139,340104
197379,860031
13020,560383
888056,899548
566089,662811
474444,1173791
279844,1052740
697870,1133246
620929,1070961
398934,581486
919972,1033730
116937,691105
25174,1090221
172545,380675
23982,652202
109559,543658
289267,1025354
792738,1202669
439889,1157237
155168,483825
377881,483497
689516,1080730
50739,281809
426451,865656
310697,522756
40253,211912
227468,907486
366357,880309
446415,489468
311540,391688
150791,225224
370486,702173
659115,993124
804127,1120760
88396,467265
88396,1033086
47569,108097
587066,834826
238972,427531
675835,702173
730221,843356
49983,186440
560383,973102
693296,1191001
41026,580820
767799,796517
812122,1017233
1106068,1136513
758030,1003037
286016,1194697
762330,773433
598728,767650
586081,1050636
439660,993124
341597,935955
447831,935904
168378,298875
456818,752766
1133246,1133781
282566,506623
362984,1042307
40426,299703
249495,940949
594216,1182984
30549,452275
563488,733057
122433,197645
325171,1080096
514890,894669
376504,1042554
29005,812122
486796,807816
1133781,1205365
727261,1206040
270354,469315
18214,766615
98921,1000736
733057,756693
453815,623181
767133,1124966
387980,991052
876089,1067672
845488,879839
282566,767650
64846,93475
106852,935955
1082548,1099381
455041,545887
504296,1059199
286016,547526
265361,901351
49983,852031
751312,1210449
270354,1048089
425105,845791
635762,1064412
49695,763705
544528,792738
6909,1011105
169719,519141
570612,1033376
79731,689133
743795,1070571
581486,693722
336140,737304
178503,680302
67134,172545
695203,919349
40253,918420
218957,776976
561586,878347
223434,279619
412257,455041
416758,754324
363047,1074505
620270,1158765
930665,1075314
489468,783340
310139,766615
229077,894229
287984,455041
220928,752497
344552,651513
64846,560383
718787,786326
366714,756693
176106,222078
784606,1131008
374403,796517
310697,479820
166742,569825
286055,1082548
398934,529281
84492,598728
767133,918424
791804,910262
767133,1058748
52035,693722
325973,920752
84825,388855
706713,1058184
464826,486357
966235,1082548
476435,1042554
337353,606341
524,706713
354468,1073850
325973,791804
758494,1039119
461086,510188
634018,1130438
50663,737048
53713,65442
796517,893889
418195,1060500
974408,1099381
311540,573593
70469,796994
469514,473826
853844,860031
685058,894755
1072027,1206229
228540,763705
543647,689358
18214,898213
146938,598728
524,803882
7644,1117925
968858,1202669
31931,356071
962717,1131008
93475,574266
916774,1174557
30549,836413
246589,851180
773433,1172518
300975,772976
660393,888932
1111284,1191347
153055,683357
49983,742514
231001,269105
560842,653981
820274,863965
336140,537793
707753,894755
42281,1015893
530580,581729
978481,1134963
82987,115085
325171,918420
79658,418290
574266,973102
865189,1052055
16240,164255
947798,1080096
363423,521003
795041,923098
178503,560842
376504,476435
922849,1140300
406193,860878
698552,994513
75804,915302
391371,885857
382431,1069564
158213,317453
54773,74481
1019102,1066924
220928,569381
365144,396476
21192,984303
469315,577588
241468,1099371
880309,1153215
469315,1081150
178503,1052740
781766,856645
32241,269105
703699,966955
155168,239428
147746,265361
18852,581962
269899,412257
701796,1150933
585269,915302
197379,957710
644180,1058184
224432,894229
23568,1024761
894229,1003394
311540,1134673
193817,1188969
403101,405512
164255,858374
72067,973208
68345,246589
191681,1196320
733057,896202
49983,851180
218780,529895
893889,1069116
245660,412257
672324,1173791
425589,453707
809314,1060500
581729,668048
815557,1050553
110355,1077555
676113,1139241
726544,896355
75804,230489
40253,1146755
533106,784606
307324,862821
211912,325171
469315,1185121
355855,560751
529661,837395
68296,894755
224905,458492
109559,1117550
366300,479117
1133246,1153215
97504,669505
767650,1173287
290170,792263
765719,1052352
361839,703699
164122,657984
641047,763705
659115,944678
453707,652202
239273,1006568
177477,187319
139024,443604
406193,1033730
366714,896202
60252,544528
53560,169045
106852,341597
503510,885085
304308,843707
286055,543647
958624,1069564
87437,907486
955539,1133246
895029,1104830
231001,601915
300967,966955
758030,820274
365809,853844
918424,1058748
439660,944678
51751,149320
52035,581486
158213,172545
315859,796994
4644,1071626
311540,852029
542698,1177813
880309,995884
637892,1115182
71920,742273
214249,894755
25174,128859
286055,1099381
80932,692722
98775,335820
767650,861210
806628,860878
63135,1090221
30549,953700
609334,916774
661711,889067
602189,812460
290170,1124481
3233,86845
966235,1099381
555754,1117350
301411,704160
365356,837395
486017,1184348
698552,982057
830684,1139427
310139,1119831
836413,953700
9091,706713
270354,577588
259785,706713
796994,1126736
279844,700151
1090221,1131983
450050,685492
325171,1146755
225224,239428
519141,572376
694147,1033376
230489,1196320
231001,403101
128735,224870
197379,955197
63135,638687
9091,803882
843707,1119211
78301,1176981
911606,1060112
510622,1202669
453815,894229
290170,641047
287673,880309
685492,1196320
1058184,1202955
30549,1001298
752497,1126736
804127,1136513
1017299,1130824
484123,819627
778978,792738
131917,693549
659115,1036612
639724,1130824
639724,1013131
418195,809314
727261,991583
23982,695546
701428,1048766
340104,898213
197379,725494
469514,680302
193817,380675
234753,1000736
171489,714780
151704,581486
597075,906752
6909,806097
853844,957710
156708,300967
147746,1147790
193817,884057
4300,425589
804127,1071486
1011605,1088383
439660,1036612
224870,1172518
459931,672324
149609,1060500
783340,796517
150791,567826
18852,1122472
220928,315859
537793,634606
187319,581962
262815,1033376
773433,1073850
780644,1124481
429810,870143
231001,1176622
128859,1090221
715814,865877
74481,187319
185483,376899
49177,912267
413249,550979
284933,762330
1042554,1131772
615745,804127
573346,615365
352827,382431
40253,962196
803882,1058184
60252,778978
796517,1069116
311540,1213127
345880,1195986
281809,330488
153130,1075449
161119,1066367
52035,529281
69596,312805
311651,911606
269899,1180088
819627,1045416
75804,585269
84825,861210
812122,918424
935955,1058449
155168,901351
812122,1058748
32241,1176622
1016351,1181858
169836,847798
203799,714289
354468,1050636
49235,574266
258892,285949
570612,1133381
27795,1118964
657984,737304
544528,1195986
473826,680302
313523,738050
69596,1126736
30549,54473
246589,885085
245660,287984
6909,754324
1033376,1133381
245660,1180088
32241,152537
197645,453815
356071,1064412
29005,281809
9213,685058
551643,655875
18214,170925
469514,560842
932308,1123797
533106,1098976
298875,317453
569381,752497
382431,1181858
352827,1016351
191681,403966
286055,966235
962196,1185370
197379,365809
19706,366357
458492,723126
256056,301411
1133781,1153215
991583,1077555
940949,1071486
691105,1144172
1036926,1138185
560842,758030
865766,993124
455041,559932
504914,783340
224905,850024
1025600,1171366
186440,503510
211912,468076
661711,885857
337548,655666
428967,936053
148631,966235
193817,830684
509986,977849
905068,1192497
543647,675835
547526,659115
151704,529281
185373,1169248
858374,962196
160607,884123
639724,1017299
756110,1066178
772166,1003394
241208,568620
544528,1123797
853844,955197
207532,869193
179870,311540
483825,567826
697870,880309
214249,701771
47884,723126
428967,550979
300764,990225
763705,792263
427531,873090
250350,1113458
647958,812460
84492,767650
873151,968858
358838,659115
123857,1105561
683357,695546
16240,325171
471902,927108
712925,1140647
529606,707507
559932,659081
259785,737955
291673,1126593
1058449,1146042
299703,1131772
374403,489468
406193,919642
155048,962717
208644,453707
473826,560842
177180,559882
425589,683357
262594,1047869
880309,955539
62204,99025
481647,522756
82351,581729
756693,912267
304308,413184
68345,742514
64929,351175
798376,947523
573593,866050
737048,1056318
473826,1052740
279844,1003037
297216,623181
693296,792263
229077,847798
427531,732105
958624,1181858
297216,370991
286016,865766
367660,1188362
763705,1124481
286623,578333
364167,427531
252120,940978
365809,984303
300333,310150
852031,885085
187319,1122472
635762,1131810
249495,1071486
180628,197379
623181,1003394
230489,403966
120380,968858
335923,365356
4300,683357
698422,714029
385301,447829
169045,503510
112331,306197
370486,1115910
465666,913551
187319,1146042
386383,644180
1141864,1198374
425589,444241
794186,861538
11438,626604
109377,498794
685058,910354
288826,311540
40426,376504
4943,224870
452275,836413
744734,1205292
467265,635762
350060,459931
667402,980957
661339,1158931
68345,851180
78301,661339
29005,1017233
291267,1056318
250251,300333
110355,572376
99025,1191001
370991,847798
49695,295618
524,1202955
533939,760668
805961,979883
455041,1026192
47884,1134963
224870,1073850
245660,551867
246589,418013
245660,1106842
74481,177477
707753,910354
345880,873151
418195,425774
389819,447282
4300,444241
153096,347126
1074505,1134963
352827,902767
18852,1058449
978481,1117350
559932,915812
453707,695546
151827,973102
479820,1111763
418962,1013172
609334,1130824
557660,571435
506623,1144172
425589,550427
363423,524035
385789,545058
798376,958624
56283,1194697
544528,873151
296919,853266
410735,635762
366618,543802
370486,966235
391688,866050
797779,839894
300967,361839
350528,860031
784606,1098976
53560,503510
675835,966235
270399,349296
812460,1154436
70469,1090221
304308,1119211
243953,561586
175606,362398
1106842,1180088
737048,991052
228540,295618
1050553,1106422
6909,891716
188132,714780
4300,550427
729122,1040986
683740,817037
473804,810881
300967,703699
323761,923173
820274,1052740
305889,743795
300333,1060500
150791,265361
269899,1026192
155048,1131008
470729,860878
773433,1050636
179870,866050
56283,547526
204194,1147681
9213,1050553
186440,852031
304308,945616
459254,812460
152537,231001
521003,524035
962717,1098976
884106,1191781
371468,675458
723145,1107993
312805,796994
68296,910354
31931,410735
98921,323761
896202,1150933
376504,452275
4300,23982
270661,666696
418013,474248
701771,815557
446415,744732
248872,499619
820,675209
169719,1206040
317453,425879
239428,567826
973208,1147790
164255,1080096
657984,712019
880265,915812
1036612,1194697
284933,586081
778978,968858
299036,1004296
68296,815557
284475,836001
93475,151827
291267,991052
93475,906496
581047,1133381
555754,1074505
25174,312805
199230,497272
956143,977639
4216,766615
865766,944678
177477,581962
262815,1133381
83514,594353
406193,919972
60252,345880
169045,186440
1124957,1145102
166742,947523
16240,468076
88633,135868
648979,916692
189081,772627
225224,977639
643202,700151
452275,953700
450050,915302
214249,910354
786727,1151387
164255,211912
248521,588758
178503,1003037
264360,616379
454372,498680
472753,1051610
723126,850024
404990,1123959
555754,978481
559932,1106842
530580,869083
918420,1080096
484123,1045416
18043,1177813
164122,634606
1478,571435
581047,1158384
128735,207630
800439,1192600
1117550,1164725
237975,1142990
139024,269105
34382,519503
186440,742514
288826,866050
387980,737048
532152,860878
343611,1176573
966955,1084803
452275,1001298
796994,1131983
1019417,1212654
169045,852031
376471,409715
475864,707507
847766,1067312
810967,855054
16240,63417
1080096,1185370
9091,1202955
609458,723795
726544,1149846
311651,1060112
338045,748183
854255,1102466
279844,820274
439975,1137895
432231,1009867
348612,581047
804127,1106068
752497,1131983
128932,995538
469071,973908
645947,816599
158213,425879
865766,1036612
315859,1090221
54773,190900
53560,186440
347126,815557
4216,898213
470648,479634
168378,1139427
691105,1173287
322748,1054519
297216,894229
727261,1077555
121921,1130438
111675,356071
164255,918420
944678,993124
166742,958624
545887,659081
861210,1144172
161758,298875
509408,1207849
62204,780644
85292,350528
150791,1147790
1478,470729
30227,1168703
171489,533106
880265,1106842
74481,581962
420746,1148338
245660,455041
562738,1136316
364167,873090
243953,1106153
128735,762330
361839,1084803
595403,1117350
281813,412257
175022,492739
287775,1071841
691105,861210
1011105,1015893
437907,1089779
64846,973102
634606,737304
53560,852031
737955,1010517
607633,1122073
204323,603533
156708,1084803
116937,506623
476435,836413
325171,611017
459931,1173791
286055,370486
577588,997247
906447,1028013
18214,310139
943549,954147
1058449,1113657
72067,239428
64790,164122
69596,1131983
639724,1174557
680302,863965
571435,860878
122433,453815
191681,991357
300333,809314
529281,842630
364167,732105
172545,298875
33762,554429
446370,973036
148631,370486
224870,1050636
177477,1122472
263882,916617
77029,962064
9213,214249
415812,864807
557660,561426
345880,544528
419009,1148846
623594,946211
295148,836435
116937,767650
338567,974551
993124,1036612
1013131,1210449
603533,712179
898213,1119831
1081150,1185121
31629,822053
982057,1056318
766615,1119831
786727,843707
23982,425589
208644,550427
40426,836413
45895,509685
65676,773433
899548,910262
737048,994513
701771,1138185
2244,454415
1026192,1180088
559882,936053
641326,977238
338228,972991
560142,783610
227974,376504
106852,190900
337514,719768
211912,858374
545887,915812
693296,780644
128735,931655
792738,968858
120380,932308
4216,1119831
31931,635762
955197,957710
187319,1113657
152356,634018
706713,803882
303124,864809
911606,1130824
911606,1013131
224870,773433
893889,1166277
123652,804127
386383,706713
262594,468106
483825,1147790
70469,128859
635762,1033086
21192,197379
84825,691105
450924,1039258
635762,895242
730688,792675
76293,132806
303333,634606
121921,634018
450050,585269
64790,256056
230531,726125
287863,795932
1082548,1167210
569825,1069564
60252,792738
850024,1134963
116937,146938
50739,330488
386383,803882
884057,1188969
6789,354937
506623,1173287
798376,947172
567638,658420
560842,643202
291267,994513
164255,1146755
5476,287673
29005,918424
959248,993124
173774,645008
269105,405512
29005,1058748
418275,1101629
139024,1176622
650658,1111763
475864,529606
692722,1147910
312805,752497
529281,1174681
147746,977639
230489,991357
330488,361657
234753,323761
29156,1175972
124131,960901
250251,474444
178503,820274
762330,1172518
816998,918621
953700,1131772
155048,784606
139024,152537
6909,1015893
341597,1058449
82351,530580
932308,1202669
543647,757704
388855,1173287
470729,919642
707753,1106422
522756,650658
901351,977639
458492,1117350
122433,169836
197332,325973
49695,62204
644180,706713
1001298,1042554
4943,207630
87437,227468
751312,916774
506623,861210
74481,1122472
1022702,1137173
701771,1036926
197645,772166
345880,1202669
555754,1182984
350528,725494
166742,382431
1010517,1058184
487925,1052055
476435,953700
25174,70469
412257,545887
978481,1074505
738050,772976
32217,142535
64790,1059756
953298,1177813
352827,569825
49983,169045
918420,1146755
347126,1138185
974408,1167210
224432,1003394
1478,561426
179870,391688
644180,803882
413184,1137173
815557,894755
287984,545887
68345,418013
149609,300333
543647,974408
887210,913551
702173,1115910
544528,1202669
106852,1058449
47884,1117350
190900,341597
229077,297216
63135,69596
388855,861210
737048,982057
281813,287984
304308,1022702
284475,990766
476435,1001298
281813,1180088
786844,1158384
806097,1011105
1074505,1117350
40426,953700
220928,1126736
918424,1160846
298875,425879
180628,853844
545887,1106842
835116,864807
1121690,1131772
567826,901351
561426,860878
911606,1017299
250251,350060
530580,1164725
286016,659115
61849,387980
886603,1198374
702173,757704
310697,650658
376504,1121690
279844,469514
345880,510622
479820,481647
19706,1205365
139024,231001
653815,804127
40426,1001298
284933,773433
4943,762330
259785,386383
23982,683357
291267,982057
85292,860031
204323,712179
4216,170925
290170,763705
659115,1194697
706713,737955
169719,727261
934163,970876
207630,762330
82351,869083
1106153,1174681
702173,974408
350528,365809
446415,893889
64790,737304
187319,760342
885857,1141864
317453,380675
347126,1036926
754324,831517
147746,956143
265412,1191001
281809,1017233
177477,1058449
439660,1194697
84492,691105
634606,712019
56283,865766
214249,1106422
860878,1033730
386383,737955
489468,1069116
300333,425774
382431,798376
250251,418195
611017,858374
23982,444241
82987,712179
181972,1154436
88396,1131810
919642,1033730
224432,297216
179870,573593
239428,1147790
453815,1003394
487925,711415
944678,1036612
128735,586081
64790,303333
413249,529606
990766,1047869
166742,947172
146938,691105
253594,269105
68296,153096
573593,852029
243953,878347
609334,911606
653981,863965
439660,547526
169836,229077
443604,1176622
242741,653815
40253,1185370
224905,555754
956143,973208
13020,574266
40426,54473
102089,762330
551867,1180088
4943,931655
286055,1167210
119328,487925
25174,1131983
16240,858374
524035,973333
708271,1110120
732105,896355
602189,1154436
418195,474444
742514,852031
812122,1160846
259785,1010517
279844,473826
374403,744732
123652,249495
915302,1196320
23982,550427
231001,443604
947523,1069564
197379,219123
915812,1106842
148631,1167210
155048,1098976
1119211,1137173
111904,391371
586247,1143133
571435,919642
820274,1003037
701796,896202
281813,551867
866050,1134673
69596,220928
762330,1073850
281813,1106842
63417,468076
158213,380675
158213,168378
532152,561426
936053,959788
197645,229077
569825,1181858
772060,973102
361657,812122
179870,1134673
560142,795041
317453,830684
19706,697870
169836,623181
860031,957710
591381,653815
32241,443604
62204,693296
169836,370991
168378,317453
208644,652202
363423,973333
994513,1056318
74481,1058449
595403,1074505
72067,150791
412257,915812
295618,1191001
47884,363047
465666,764143
154217,871488
325171,1185370
365356,529661
428967,529606
287984,915812
836413,1131772
510622,968858
19706,1133781
1017299,1060112
119328,484123
573593,1213127
639724,1060112
638687,796994
370486,689358
524,644180
595403,978481
211912,947798
72067,977639
786727,1119211
982057,994513
256056,737304
675835,689358
270354,864807
197645,370991
561586,1106153
563488,912267
206027,991052
270354,415812
701796,733057
499657,812122
1003037,1052740
863965,1052740
356071,1033086
69296,798376
356071,467265
3983,31483
356071,895242
69596,638687
959248,1036612
179870,852029
258892,464826
25174,752497
792738,932308
4943,65676
786727,945616
197332,920752
177180,707507
978481,1182984
853266,1158931
123652,591381
287673,366357
63135,70469
63135,796994
180628,984303
5476,1205365
474248,851180
52035,398934
256056,303333
425879,1139427
598728,1144172
246589,503510
473826,820274
158213,830684
757704,966235
487925,865189
54473,1131772
852029,1134673
93475,860539
963483,1169011
894755,1138185
52035,151704
80932,616379
60252,120380
4300,208644
743795,1067290
178503,653981
229077,623181
30549,376504
1113657,1122472
111675,410735
310150,1060500
428967,959788
1174557,1210449
219123,984303
860031,955197
1139427,1188969
453707,683357
60252,1123797
282566,1144172
601915,1176622
694147,786844
1080096,1146755
760342,1122472
458492,595403
675835,1167210
860878,919642
947798,1185370
706713,1202955
253594,1176622
68345,169045
311651,1013131
835116,1048089
64790,712019
358838,959248
25988,798376
335923,1129109
25174,569381
288826,852029
151704,398934
128859,796994
561426,919642
866050,1213127
569381,1126736
31931,1064412
412257,559932
370991,623181
850024,1117350
458492,1074505
940949,1195485
47884,595403
279844,680302
4943,586081
386383,1202955
361839,966955
350060,1060500
179870,1213127
291267,698552
211912,1080096
65676,102089
287984,559932
468076,858374
68296,347126
116937,282566
207630,586081
613697,1176622
156708,966955
31483,233860
82351,1164725
149609,474444
856645,991583
945616,1119211
325973,899548
458492,978481
529606,936053
894755,1036926
47884,1074505
123652,1195485
543658,668048
529281,878347
147746,973208
354468,931655
698552,991052
281813,455041
1136513,1195485
415812,577588
169719,1077555
122433,772166
281809,1124966
21192,860031
415812,1081150
21192,853844
618141,1011105
206027,291267
220948,850024
6909,42281
282566,388855
214249,347126
64790,704160
947523,1181858
1144172,1173287
453707,550427
701771,707753
901351,973208
689358,757704
503510,742514
9213,894755
894755,1050553
85292,725494
644180,1202955
9091,644180
911606,1174557
31483,349989
744732,1069116
75804,450050
615745,1071486
47884,978481
206476,653815
330488,499657
298875,380675
515093,1011105
102089,586081
99025,780644
543658,1117550
279844,560842
689358,974408
288826,1213127
281809,918424
31931,88396
762330,1050636
60252,873151
169836,894229
415812,1185121
281809,1058748
5476,1133781
18852,106852
164255,611017
149609,350060
647958,963160
119215,916960
723126,1134963
311651,1017299
177180,529606
336140,1059756
878347,1174681
25174,220928
115085,1110120
659081,1180088
4216,310139
153096,685058
503510,851180
344552,1147910
211912,918420
94708,313481
653981,758030
615745,653815
246589,852031
692722,996994
733057,912267
609334,1060112
595403,1182984
869083,1117550
88396,895242
652202,695546
391371,889067
206027,994513
865766,1194697
242741,804127
65676,284933
197645,894229
256056,712019
72067,155168
616379,651513
483825,977639
459254,1154436
190900,1122472
85292,365809
310150,809314
403101,601915
347126,707753
149609,418195
54773,187319
860878,919972
25174,315859
345880,792738
363047,850024
150791,956143
19706,995884
243953,693722
224870,284933
67134,161758
161758,1139427
208644,695546
366714,912267
82987,1110120
653815,1195485
298875,830684
481647,650658
778873,1110120
474248,885085
919642,919972
111675,635762
264360,651513
806628,919604
561426,919972
659115,865766
760342,1058449
49235,860539
591381,804127
374403,893889
290170,295618
366357,1205365
469514,653981
489468,767799
446415,504914
75804,1196320
345910,1025600
560842,863965
246589,742514
831517,1015893
297216,1003394
611017,1080096
1478,532152
350060,809314
352827,947523
301411,537793
835116,1081150
977639,1147790
439660,865766
265412,792263
304308,1151387
940949,1120760
830684,1188969
1050636,1172518
153096,1138185
603533,778873
585269,1196320
382042,481647
510622,932308
172545,1139427
231407,974909
178503,758030
993124,1194697
225224,483825
878347,1106153
560383,860539
803882,1202955
653815,940949
9213,701771
559932,880265
910354,1138185
860539,906496
164122,301411
262594,284475
403101,1176622
122433,229077
56283,659115
16240,1080096
178503,279844
524,9091
598728,1173287
786727,1022702
169045,474248
250251,672324
54773,341597
224905,1117350
370991,894229
835116,1185121
206027,982057
1082548,1115910
211912,1146755
63417,858374
452275,1131772
50739,1017233
120380,692775
123652,242741
1060112,1210449
473826,653981
128859,752497
773433,931655
459254,963160
483825,956143
485530,894160
458492,1182984
106852,187319
935955,1122472
680302,700151
819627,1052055
16240,211912
310139,898213
282566,1173287
265412,641047
581962,1122472
475864,936053
1060500,1173791
155221,883644
598728,861210
300333,474444
382042,650658
249495,1120760
935955,1146042
352827,958624
93475,631205
804127,1200526
5476,1153215
560142,923098
311651,1210449
109559,668048
557660,919604
122433,370991
864807,1048089
732105,1149846
475864,550979
171489,962717
618141,806097
153096,1036926
634606,657984
47884,1182984
611017,918420
974408,1115910
358838,439660
29005,1160846
197332,888056
781766,1206040
61849,1056318
282566,861210
287863,550140
842630,1174681
352827,1069564
243953,581486
1074505,1182984
50663,387980
335923,837395
115085,204323
53560,474248
68345,503510
361657,1017233
918424,1124966
515093,806097
153096,1050553
910354,1036926
366357,697870
111904,1141864
239428,977639
65676,354468
574619,1185171
754324,806097
299703,1042554
638687,1090221
659081,1026192
888056,920752
156708,361839
16240,918420
830684,884057
692775,932308
84492,1144172
418013,885085
115085,708271
296919,1158931
190900,1058449
366357,1133781
156708,703699
574266,860539
559882,959788
169719,572376
242741,249495
224870,354468
850024,1074505
365809,860031
207630,773433
84825,506623
940949,1200526
653815,1120760
19706,955539
643202,680302
115085,778873
310150,425774
82987,204323
989839,1131008
791804,888056
945616,1022702
499657,1017233
560142,979690
524,737955
850024,978481
49695,1191001
238972,873090
84825,767650
863965,1003037
489468,1166277
270354,1081150
569381,1131983
168378,425879
657984,1059756
915302,991357
1106422,1138185
269899,659081
1064412,1131810
206476,804127
109559,530580
815557,1106422
1050636,1073850
455041,1180088
1478,919604
85292,180628
533106,989839
446415,783340
65676,1172518
61849,991052
154217,655666
1060112,1174557
751312,911606
783340,893889
418195,672324
350060,425774
249495,615745
497272,1084803
102089,773433
245660,659081
238972,732105
842630,1106153
23982,208644
82987,778873
336140,712019
572376,856645
171489,1131008
812122,1124966
168378,193817
413249,936053
611017,1146755
530580,543658
224905,363047
67134,298875
191681,915302
406193,571435
270354,1185121
468076,1080096
25988,947523
9213,910354
286055,1115910
299703,476435
99025,693296
164255,1185370
228540,1191001
220928,1090221
249495,1200526
147746,483825
944678,1194697
239428,956143
792263,1191001
569825,798376
150791,973208
4300,153055
311651,1174557
425774,672324
60252,1202669
555754,594216
68345,186440
469514,758030
467265,1033086
106852,177477
18852,1146042
148631,1115910
631205,860539
152537,613697
932308,968858
643202,1052740
416758,515093
269899,287984
242741,591381
700151,758030
312805,1126736
220928,638687
16240,1146755
345880,968858
902767,947523
581962,1058449
1022702,1151387
287673,1205365
62204,792263
918420,1185370
639724,751312
744732,767799
70469,752497
325973,910262
336140,704160
940949,1136513
723126,1117350
744732,783340
398934,842630
843707,1137173
544528,968858
286016,959248
947798,1146755
410735,467265
68345,852031
864807,1081150
545887,880265
60252,510622
62204,290170
442963,485530
873090,896355
206027,737048
345880,1123797
504914,767799
570612,1158384
473826,758030
84492,506623
382431,1016351
772976,866237
49235,631205
560383,574266
543647,702173
148631,974408
245660,915812
197645,847798
206027,698552
1033376,1158384
653981,700151
64790,657984
25988,958624
62204,1124481
122433,894229
325171,962196
230489,915302
991357,1196320
193817,1139427
40426,1131772
421049,498680
352827,1181858
468076,918420
161758,317453
366357,1153215
146938,506623
819627,865189
78301,853266
455041,551867
123652,1071486
458492,555754
641047,1191001
265412,780644
483825,973208
864807,1185121
1001298,1121690
455041,1106842
9091,737955
468106,990766
618141,891716
365809,957710
47884,220948
62204,641047
61849,291267
300967,497272
413249,428967
561586,693722
188132,962717
668048,869083
931655,1172518
902767,958624
70469,569381
781766,991583
155048,171489
224905,595403
484123,1052055
284933,1172518
170925,340104
249495,1136513
146938,767650
348612,694147
32241,231001
242741,1195485
506623,598728
757704,1167210
532152,919604
47884,555754
959248,1194697
398934,1174681
225224,901351
784606,989839
352827,947172
50739,918424
444241,453707
111675,1064412
851180,852031
50739,1058748
403966,991357
754324,891716
330488,812122
692775,778978
29005,361657
32241,405512
172545,317453
224905,1074505
19706,1133246
123652,653815
344552,996994
84492,146938
935955,1113657
65676,1073850
388855,598728
164255,947798
675835,1115910
269899,551867
287673,697870
158213,298875
697870,1205365
54473,1121690
269899,1106842
885857,886603
147746,239428
962717,989839
69296,382431
850024,1182984
693296,1124481
315859,752497
341597,581962
206476,249495
1036926,1050553
537793,737304
591381,1195485
224905,978481
836001,990766
1048089,1081150
149609,672324
685058,815557
374403,504914
341597,1113657
947798,962196
191681,585269
269899,281813
63135,128859
120380,1195986
220948,723126
242741,940949
61849,994513
370486,757704
931655,1073850
168378,1188969
287673,1133781
62204,265412
361657,918424
783340,1069116
1117350,1134963
208644,425589
361657,1058748
74481,106852
707753,815557
653815,1136513
698552,737048
918420,947798
609334,1013131
530580,1117550
245660,281813
711415,819627
106852,581962
382431,902767
955633,1157566
178503,643202
295618,780644
365809,955197
264360,344552
557660,806628
69296,1016351
370486,974408
63417,1080096
170925,766615
439660,659115
450050,1196320
250251,1173791
313523,772976
468076,1146755
256056,657984
1048089,1185121
675835,974408
653815,1071486
70469,220928
406193,561426
338567,466926
153055,652202
365809,725494
382042,522756
798376,1069564
947172,947523
997247,1048089
694147,1133381
591381,940949
484123,711415
744732,1166277
116937,1144172
188132,1131008
153096,707753
1071486,1195485
238742,1054261
315859,569381
269105,613697
25988,382431
806097,831517
32241,139024
415812,835116
725494,853844
224432,453815
63417,164255
253594,443604
561586,581486
54773,1122472
72067,483825
80932,651513
1157227,1157566
1017299,1210449
1158931,1176981
842630,878347
53560,246589
581486,842630
171489,784606
504914,1166277
499657,1058748
639724,1210449
250251,459931
21192,180628
5476,366357
227974,476435
572376,781766
704160,737304
211912,611017
567826,1147790
230489,585269
609334,751312
687784,1210725
220948,1134963
152537,405512
70469,315859
206476,591381
239428,973208
1478,1033730
550979,707507
751312,1060112
860539,973102
151827,860539
25988,1016351
177180,936053
52035,842630
82351,543658
363047,723126
61849,982057
25174,1126736
953700,1042554
923173,1000736
31931,467265
31931,1033086
284933,1073850
311651,609334
1010517,1202955
214249,815557
391371,1141864
177180,550979
180628,219123
609334,1017299
947172,958624
75804,991357
569381,638687
168378,884057
281809,1160846
543647,1082548
242741,1120760
181972,687784
155168,225224
262815,1158384
116937,388855
382042,479820
634606,1059756
697870,1133781
18852,1113657
341597,1122472
991052,1056318
652202,683357
902767,1016351
1478,806628
69596,796994
737955,1058184
519141,856645
609334,639724
766615,898213
412257,880265
657984,704160
585269,991357
4943,102089
9213,1106422
341597,1146042
623181,772166
852029,866050
1017233,1124966
265361,567826
287984,880265
767133,812122
515093,618141
85292,219123
180628,350528
348612,1033376
581486,1174681
152356,1130438
147746,901351
286016,439660
376504,836413
581729,1164725
169836,1003394
69296,902767
880309,1133246
151704,842630
155048,188132
919604,1033730
602189,687784
529606,959788
106852,1122472
119328,819627
269105,601915
733057,1150933
208644,683357
300975,313523
912267,1150933
269899,455041
405512,613697
685058,1138185
60061,1042299
591381,1120760
544528,932308
106852,1146042
227974,1131772
287673,1153215
52035,1174681
363047,1134963
989839,1098976
702173,1082548
668048,1164725
206476,1195485
1017233,1058748
64790,336140
723126,1074505
707753,1138185
484123,865189
13020,860539
75804,191681
618141,1015893
84825,282566
661339,1176981
418195,1173791
269105,403101
197645,1003394
166742,1069564
9213,153096
902767,947172
208644,444241
312805,1131983
542698,953298
179870,231714
224905,1182984
170925,1119831
955539,1205365
65676,1050636
168378,830684
470729,571435
996994,1147910
442963,894160
350528,957710
474444,1060500
723126,978481
510622,692775
427531,896355
18852,54773
1017299,1174557
470729,806628
873151,932308
425774,1173791
310150,474444
940949,1106068
945616,1151387
25988,902767
754324,1015893
228540,792263
299703,452275
1071486,1120760
714780,962717
380675,425879
931655,1050636
284475,1047869
300975,866237
615745,1195485
171489,1098976
418195,459931
469514,643202
151704,1174681
559932,1026192
524,386383
206476,940949
50663,1056318
356071,1131810
707507,936053
177477,1146042
347126,685058
685058,1036926
265412,693296
242741,615745
122433,847798
229077,1003394
506623,767650
54773,1058449
246589,474248
798376,1181858
29005,1124966
49695,99025
169836,297216
68296,1138185
560842,700151
497272,966955
23982,153055
529281,561586
444241,550427
207630,284933
725494,984303
425774,459931
469315,835116
707753,1036926
685058,1050553
689358,702173
803954,1118157
18852,760342
543647,1099381
350060,474444
809314,1173791
231714,311540
376504,953700
405512,601915
29005,767133
643202,1003037
388855,767650
147746,150791
98921,923173
532152,571435
13020,49235
489468,796517
